Data,Último,Abertura,Máxima,Mínima,Vol.,Var%,retorno_diario,retorno_diario_pct,target
2024-01-03,132.834,132.697,133.576,132.25,8700000.0,0.1,0.0010324272590940264,0.10324272590940264,0
2024-01-04,131.226,132.831,132.885,131.024,8970000.0,-1.21,-0.012105334477618745,-1.2105334477618745,1
2024-01-05,132.023,131.218,132.635,130.579,9200000.0,0.61,0.0060734915336899675,0.6073491533689968,1
2024-01-08,132.427,132.023,132.498,131.015,8500000.0,0.31,0.0030600728660914456,0.30600728660914456,0
2024-01-09,131.447,132.424,132.426,131.203,9290000.0,-0.74,-0.007400303563472654,-0.7400303563472654,0
2024-01-10,130.841,131.447,131.628,130.438,8960000.0,-0.46,-0.004610223131756519,-0.4610223131756519,0
2024-01-11,130.649,130.841,131.308,129.898,9760000.0,-0.15,-0.0014674299340421415,-0.14674299340421415,1
2024-01-12,130.988,130.652,131.927,130.41,10660000.0,0.26,0.00259473857434811,0.259473857434811,1
2024-01-15,131.521,130.988,131.606,130.253,5750000.0,0.41,0.004069075029773606,0.40690750297736056,0
2024-01-16,129.294,131.515,131.517,129.147,11910000.0,-1.69,-0.016932657142205265,-1.6932657142205265,0
2024-01-17,128.524,129.293,129.296,128.312,9950000.0,-0.6,-0.0059554194316828735,-0.5955419431682873,0
2024-01-18,127.316,128.524,129.047,127.316,12460000.0,-0.94,-0.00939902275061466,-0.9399022750614661,1
2024-01-19,127.636,127.319,127.82,126.533,11960000.0,0.25,0.002513431147695533,0.2513431147695533,0
2024-01-22,126.602,127.636,127.843,125.876,9510000.0,-0.81,-0.008101162681375063,-0.8101162681375063,1
2024-01-23,128.263,126.612,128.331,126.612,9370000.0,1.31,0.01311985592644671,1.311985592644671,0
2024-01-24,127.816,128.275,129.446,127.68,8820000.0,-0.35,-0.0034850268588759725,-0.34850268588759725,1
2024-01-25,128.169,127.815,128.697,127.803,8760000.0,0.28,0.0027617825624335346,0.27617825624335346,1
2024-01-26,128.967,128.196,129.252,127.869,8510000.0,0.62,0.006226154530346584,0.6226154530346584,0
2024-01-29,128.503,128.97,129.068,127.853,8760000.0,-0.36,-0.0035978195972615756,-0.35978195972615756,0
2024-01-30,127.402,128.492,128.492,127.105,10040000.0,-0.86,-0.008567893356575262,-0.8567893356575262,1
2024-01-31,127.752,127.402,129.558,127.326,12500000.0,0.28,0.002747209619943236,0.2747209619943236,1
2024-02-01,128.481,127.752,128.481,127.284,10230000.0,0.57,0.0057063685891414195,0.570636858914142,0
2024-02-02,127.182,128.471,128.878,126.628,10980000.0,-1.01,-0.010110444345856506,-1.0110444345856506,1
2024-02-05,127.593,127.182,127.834,126.443,9640000.0,0.32,0.003231589375854993,0.3231589375854993,1
2024-02-06,130.416,127.593,130.417,127.593,13780000.0,2.21,0.022125038207425174,2.2125038207425174,0
2024-02-07,129.95,130.412,130.552,129.426,15430000.0,-0.36,-0.003573181204760245,-0.3573181204760245,0
2024-02-08,128.217,129.95,130.126,127.912,13630000.0,-1.33,-0.01333589842246996,-1.333589842246996,0
2024-02-09,128.026,128.216,128.896,127.579,12120000.0,-0.15,-0.001489662057293506,-0.1489662057293506,0
2024-02-14,127.018,128.026,128.026,126.663,7750000.0,-0.79,-0.007873400715479706,-0.7873400715479706,1
2024-02-15,127.804,127.018,127.824,126.932,10980000.0,0.62,0.0061880993245051474,0.6188099324505147,1
2024-02-16,128.726,127.809,129.069,127.653,10120000.0,0.72,0.007214171700416161,0.7214171700416161,1
2024-02-19,129.036,128.72,129.036,128.097,5800000.0,0.24,0.002408215900439714,0.2408215900439714,1
2024-02-20,129.916,129.033,129.916,128.326,12240000.0,0.68,0.006819802225735527,0.6819802225735527,1
2024-02-21,130.032,129.916,130.034,129.359,12590000.0,0.09,0.0008928846331477391,0.08928846331477391,1
2024-02-22,130.241,130.035,130.829,129.971,10770000.0,0.16,0.001607296665436131,0.1607296665436131,0
2024-02-23,129.419,130.24,130.624,129.077,9230000.0,-0.63,-0.0063113766018381146,-0.6311376601838115,1
2024-02-26,129.609,129.417,129.978,129.077,7440000.0,0.15,0.001468099738060058,0.1468099738060058,1
2024-02-27,131.689,129.613,131.696,129.613,10050000.0,1.61,0.016048268252976117,1.6048268252976117,0
2024-02-28,130.155,131.685,131.685,129.771,9050000.0,-1.16,-0.01164865706323226,-1.164865706323226,0
2024-02-29,129.02,130.155,130.155,128.669,12000000.0,-0.87,-0.008720371864315513,-0.8720371864315513,1
2024-03-01,129.18,129.026,129.716,128.717,9770000.0,0.12,0.001240117811192043,0.1240117811192043,0
2024-03-04,128.341,129.176,129.307,128.278,7970000.0,-0.65,-0.006494813438612801,-0.6494813438612801,0
2024-03-05,128.098,128.336,128.989,127.823,9690000.0,-0.19,-0.0018933933816940307,-0.18933933816940307,1
2024-03-06,128.89,128.099,129.323,128.099,11060000.0,0.62,0.0061827663195364035,0.6182766319536404,0
2024-03-07,128.34,128.89,129.188,128.033,7350000.0,-0.43,-0.004267204593063734,-0.42672045930637337,0
2024-03-08,127.071,128.335,128.338,125.802,11940000.0,-0.99,-0.009887798036465667,-0.9887798036465667,0
2024-03-11,126.124,127.068,127.068,126.065,8900000.0,-0.75,-0.007452526540280613,-0.7452526540280613,1
2024-03-12,127.668,126.124,128.039,126.121,9480000.0,1.22,0.012241920649519678,1.2241920649519678,1
2024-03-13,128.006,127.668,128.53,127.439,8840000.0,0.26,0.002647491932199042,0.2647491932199042,0
2024-03-14,127.69,127.992,128.256,127.192,9290000.0,-0.25,-0.002468634282768001,-0.24686342827680008,0
2024-03-15,126.742,127.682,127.957,126.502,14990000.0,-0.74,-0.007424230558383482,-0.7424230558383482,1
2024-03-18,126.954,126.758,127.54,126.272,10510000.0,0.17,0.0016726894005143489,0.1672689400514349,1
2024-03-19,127.529,126.955,128.0,126.955,11180000.0,0.45,0.004529199552593788,0.4529199552593788,1
2024-03-20,129.125,127.534,129.21,127.349,10820000.0,1.25,0.012514800555167849,1.2514800555167849,0
2024-03-21,128.159,129.125,129.556,128.093,9570000.0,-0.75,-0.0074811229428848325,-0.7481122942884832,0
2024-03-22,127.027,128.159,128.159,126.879,9370000.0,-0.88,-0.008832778033536437,-0.8832778033536437,0
2024-03-25,126.931,127.027,127.224,126.75,8060000.000000001,-0.08,-0.0007557448416478652,-0.07557448416478652,0
2024-03-26,126.863,126.931,127.193,126.591,9440000.0,-0.05,-0.000535724133584381,-0.0535724133584381,1
2024-03-27,127.691,126.863,127.756,126.223,9920000.0,0.65,0.006526725680458423,0.6526725680458423,1
2024-03-28,128.106,127.689,128.364,127.27,9940000.0,0.33,0.003250033283473286,0.3250033283473286,0
2024-04-01,126.99,128.106,128.659,126.772,9370000.0,-0.87,-0.008711535759449163,-0.8711535759449163,1
2024-04-02,127.549,126.99,127.654,126.669,9070000.0,0.44,0.004401921411134824,0.44019214111348237,0
2024-04-03,127.318,127.546,127.694,126.181,11030000.0,-0.18,-0.0018110686873280546,-0.18110686873280546,1
2024-04-04,127.428,127.313,129.627,127.178,13240000.0,0.09,0.000863978384831654,0.0863978384831654,0
2024-04-05,126.795,127.422,127.432,126.394,9100000.0,-0.5,-0.004967511065071983,-0.49675110650719834,1
2024-04-08,128.857,126.796,129.178,126.796,8130000.000000001,1.63,0.016262470917622895,1.6262470917622895,1
2024-04-09,129.89,128.858,129.956,128.826,8490000.0,0.8,0.008016638599377401,0.8016638599377401,0
2024-04-10,128.054,129.872,129.872,127.732,10450000.0,-1.41,-0.014135037339287004,-1.4135037339287004,0
2024-04-11,127.396,128.051,128.051,127.069,8880000.0,-0.51,-0.005138457213363146,-0.5138457213363146,0
2024-04-12,125.946,127.396,127.64,125.635,10250000.0,-1.14,-0.011381833024584731,-1.138183302458473,0
2024-04-15,125.334,125.946,126.25,125.034,13500000.0,-0.49,-0.004859225382306653,-0.48592253823066534,0
2024-04-16,124.389,125.316,125.316,123.756,14010000.0,-0.75,-0.007539853511417505,-0.7539853511417505,0
2024-04-17,124.171,124.389,125.301,123.642,11370000.0,-0.17,-0.0017525665452732264,-0.17525665452732264,1
2024-04-18,124.196,124.171,125.14,123.397,10660000.0,0.02,0.0002013352554137704,0.02013352554137704,1
2024-04-19,125.124,124.197,125.509,124.056,13600000.0,0.75,0.0074720602917968115,0.7472060291796812,1
2024-04-22,125.573,125.124,126.081,124.633,10260000.0,0.36,0.0035884402672548,0.35884402672548,0
2024-04-23,125.148,125.572,125.826,124.31,11260000.0,-0.34,-0.003384485518383662,-0.3384485518383662,0
2024-04-24,124.741,125.149,125.473,124.556,10530000.0,-0.33,-0.00325214945504515,-0.325214945504515,0
2024-04-25,124.646,124.718,124.732,123.703,10090000.0,-0.08,-0.0007615779895944197,-0.07615779895944197,1
2024-04-26,126.526,124.651,126.826,124.651,8900000.0,1.51,0.015082714246746676,1.5082714246746676,1
2024-04-29,127.352,126.527,127.352,126.467,8390000.0,0.65,0.006528302483284065,0.6528302483284065,0
2024-04-30,125.924,127.352,127.352,125.856,10890000.0,-1.12,-0.01121301589295809,-1.121301589295809,1
2024-05-02,127.122,125.926,127.67,125.926,11550000.0,0.95,0.00951367491502797,0.951367491502797,1
2024-05-03,128.509,127.13,128.787,127.13,12800000.0,1.09,0.010910778622110984,1.0910778622110984,0
2024-05-06,128.466,128.506,129.181,128.294,8780000.0,-0.03,-0.0003346069146906716,-0.03346069146906716,1
2024-05-07,129.21,128.466,129.745,128.464,10180000.0,0.58,0.0057914156274812,0.57914156274812,1
2024-05-08,129.481,129.21,129.564,128.048,9790000.0,0.21,0.0020973608853802617,0.20973608853802617,0
2024-05-09,128.188,129.468,129.468,127.376,13370000.0,-1.0,-0.009986021115067079,-0.9986021115067079,0
2024-05-10,127.6,128.188,129.022,127.467,12570000.0,-0.46,-0.004587012824913361,-0.4587012824913361,1
2024-05-13,128.155,127.6,128.669,127.599,8920000.0,0.44,0.004349529780564243,0.4349529780564243,1
2024-05-14,128.515,128.155,128.965,127.962,11890000.0,0.28,0.0028090983574575734,0.28090983574575734,0
2024-05-15,128.028,128.514,128.646,127.029,10860000.0,-0.38,-0.0037894409212931857,-0.37894409212931857,1
2024-05-16,128.284,128.029,128.965,127.922,9860000.0,0.2,0.001999562595682125,0.1999562595682125,0
2024-05-17,128.151,128.28,128.464,127.696,10260000.0,-0.1,-0.0010367621839043606,-0.10367621839043606,0
2024-05-20,127.751,128.151,128.73,127.488,9340000.0,-0.31,-0.0031213178203838288,-0.3121317820383829,0
2024-05-21,127.412,127.754,128.272,127.205,9140000.0,-0.27,-0.002653599580433763,-0.2653599580433763,0
2024-05-22,125.65,127.412,127.412,125.524,12400000.0,-1.38,-0.013829152670078226,-1.3829152670078226,0
2024-05-23,124.729,125.65,125.665,124.431,9990000.0,-0.73,-0.007329884600079661,-0.7329884600079661,0
2024-05-24,124.306,124.731,125.257,124.259,9210000.0,-0.34,-0.003391352452116192,-0.3391352452116192,1
2024-05-27,124.496,124.297,124.535,124.081,4330000.0,0.15,0.0015284861551332352,0.15284861551332352,0
2024-05-28,123.78,124.498,125.392,123.537,9180000.0,-0.58,-0.005751188793214235,-0.5751188793214235,0
2024-05-29,122.707,123.78,123.78,122.458,8260000.0,-0.87,-0.008668605590563927,-0.8668605590563927,0
2024-05-31,122.098,122.704,122.837,121.929,15920000.0,-0.5,-0.0049630420432411615,-0.49630420432411615,0
2024-06-03,122.032,122.1,122.495,121.496,8430000.0,-0.05,-0.0005405493947484574,-0.05405493947484574,0
2024-06-04,121.802,122.032,122.032,120.878,8530000.0,-0.19,-0.0018847515405794324,-0.18847515405794324,0
2024-06-05,121.407,121.803,122.17,121.253,8770000.0,-0.32,-0.0032429680957620777,-0.32429680957620777,1
2024-06-06,122.899,121.408,123.246,121.377,8400000.0,1.23,0.012289241971220832,1.2289241971220832,0
2024-06-07,120.767,122.899,122.899,120.679,9800000.0,-1.73,-0.01734757809258014,-1.734757809258014,0
2024-06-10,120.76,120.769,121.421,120.54,6570000.0,-0.01,-5.796285409087609e-05,-0.005796285409087609,1
2024-06-11,121.635,120.76,121.759,120.757,7490000.0,0.73,0.007245776747267341,0.7245776747267341,0
2024-06-12,119.936,121.644,122.483,119.544,11280000.0,-1.4,-0.01396801907345746,-1.396801907345746,0
2024-06-13,119.568,119.936,120.222,119.171,8540000.0,-0.31,-0.0030683030949840706,-0.30683030949840706,1
2024-06-14,119.662,119.558,120.214,118.828,7850000.0,0.08,0.0007861635220125507,0.07861635220125507,0
2024-06-17,119.138,119.663,119.663,118.685,7380000.0,-0.44,-0.004379000852400949,-0.43790008524009494,1
2024-06-18,119.63,119.138,120.109,118.872,8100000.0,0.41,0.0041296647585151725,0.41296647585151725,1
2024-06-19,120.261,119.63,120.383,118.96,5650000.0,0.53,0.0052745966730753935,0.5274596673075393,1
2024-06-20,120.446,120.267,121.607,120.156,8660000.0,0.15,0.001538320818885719,0.1538320818885719,1
2024-06-21,121.341,120.446,121.58,120.061,12910000.0,0.74,0.007430715839463309,0.7430715839463309,1
2024-06-24,122.637,121.343,122.84,121.307,7840000.0,1.07,0.010680643805473844,1.0680643805473844,0
2024-06-25,122.331,122.634,122.849,121.997,6940000.0,-0.25,-0.0024951686685095176,-0.24951686685095176,1
2024-06-26,122.641,122.331,122.701,121.402,8180000.0,0.25,0.0025341082799945625,0.25341082799945625,1
2024-06-27,124.308,122.642,124.308,122.642,8710000.0,1.36,0.013592517999690079,1.359251799969008,0
2024-06-28,123.907,124.308,124.5,123.298,9070000.0,-0.32,-0.003225858351835864,-0.3225858351835864,1
2024-07-01,124.718,123.905,125.22,123.735,8230000.0,0.65,0.00654523150427333,0.654523150427333,1
2024-07-02,124.787,124.72,125.491,124.31,8369999.999999999,0.06,0.0005532481277763512,0.055324812777635124,1
2024-07-03,125.662,124.787,126.581,124.787,8530000.0,0.7,0.0070119483600055155,0.7011948360005515,1
2024-07-04,126.164,125.666,126.66,125.666,6540000.0,0.4,0.003994843309831131,0.3994843309831131,1
2024-07-05,126.267,126.165,126.662,125.556,8090000.0,0.08,0.0008163977045749782,0.08163977045749782,1
2024-07-08,126.548,126.28,126.551,125.614,7430000.0,0.22,0.0022254429106576268,0.22254429106576268,1
2024-07-09,127.108,126.548,127.295,125.937,6680000.0,0.44,0.004425198343711578,0.4425198343711578,1
2024-07-10,127.218,127.109,127.769,126.928,8150000.0,0.09,0.000865405796645291,0.0865405796645291,1
2024-07-11,128.294,127.221,128.326,127.221,7970000.0,0.85,0.008457922621012859,0.8457922621012859,1
2024-07-12,128.897,128.293,129.015,128.002,7210000.0,0.47,0.004700141861661233,0.47001418616612334,1
2024-07-15,129.321,128.898,129.485,128.723,5830000.0,0.33,0.003289448164037978,0.3289448164037978,0
2024-07-16,129.11,129.322,129.521,128.761,6820000.0,-0.16,-0.001631598889584751,-0.1631598889584751,1
2024-07-17,129.45,129.112,129.658,128.741,6670000.0,0.26,0.0026334133684453587,0.26334133684453587,0
2024-07-18,127.652,129.45,129.454,127.523,7590000.0,-1.39,-0.013889532638084123,-1.3889532638084123,0
2024-07-19,127.616,127.652,128.36,127.413,7620000.0,-0.03,-0.00028201673299288466,-0.028201673299288466,1
2024-07-22,127.86,127.616,128.151,127.456,6100000.0,0.19,0.0019119859578735632,0.19119859578735632,0
2024-07-23,126.59,127.86,127.86,126.53,7020000.0,-0.99,-0.009932738933208118,-0.9932738933208118,0
2024-07-24,126.423,126.596,126.823,126.218,7300000.0,-0.13,-0.001319219527608828,-0.1319219527608828,0
2024-07-25,125.954,126.423,126.423,125.626,7130000.0,-0.37,-0.0037097680010758083,-0.37097680010758083,1
2024-07-26,127.492,125.964,127.7,125.953,8270000.0,1.22,0.01221080712005973,1.221080712005973,0
2024-07-29,126.954,127.492,127.657,126.606,7080000.0,-0.42,-0.004219872619458553,-0.42198726194585534,0
2024-07-30,126.139,126.951,126.951,125.973,6850000.0,-0.64,-0.006419648061502525,-0.6419648061502525,1
2024-07-31,127.652,126.139,127.853,126.139,9470000.0,1.2,0.011994704254830069,1.1994704254830069,0
2024-08-01,127.395,127.652,128.762,127.15,9810000.0,-0.2,-0.0020132861216433096,-0.20132861216433096,0
2024-08-02,125.854,127.395,128.104,125.731,9950000.0,-1.21,-0.012096236116017067,-1.2096236116017067,0
2024-08-05,125.27,125.851,125.851,123.073,10890000.0,-0.46,-0.004640297487565004,-0.4640297487565004,1
2024-08-06,126.267,125.27,126.966,125.261,10050000.0,0.8,0.007958808972619247,0.7958808972619247,1
2024-08-07,127.514,126.268,127.517,126.268,8840000.0,0.99,0.009875897898896868,0.9875897898896868,1
2024-08-08,128.661,127.515,128.793,127.515,8620000.0,0.9,0.008995090735135047,0.8995090735135047,1
2024-08-09,130.615,128.662,130.631,128.662,11320000.0,1.52,0.015187197363614624,1.5187197363614624,1
2024-08-12,131.116,130.615,131.662,130.615,8600000.0,0.38,0.0038357003406959134,0.38357003406959134,1
2024-08-13,132.398,131.115,132.43,131.115,9800000.0,0.98,0.00977760151316387,0.9777601513163869,1
2024-08-14,133.318,132.398,133.777,132.112,12160000.0,0.69,0.0069487454493271095,0.694874544932711,1
2024-08-15,134.153,133.319,134.575,133.319,10530000.0,0.63,0.006263220270330994,0.6263220270330994,0
2024-08-16,133.953,134.154,134.781,133.852,10870000.0,-0.15,-0.0014908350912763435,-0.14908350912763435,1
2024-08-19,135.778,133.953,136.179,133.953,11280000.0,1.36,0.013624181615939923,1.3624181615939923,1
2024-08-20,136.087,135.779,136.33,135.312,8109999.999999999,0.23,0.002275773689404792,0.2275773689404792,1
2024-08-21,136.464,136.088,137.04,136.086,9570000.0,0.28,0.0027702866548604543,0.27702866548604543,0
2024-08-22,135.173,136.462,136.462,134.836,8050000.000000001,-0.95,-0.009460370500644855,-0.9460370500644855,1
2024-08-23,135.608,135.174,136.478,135.174,8650000.0,0.32,0.003218098288859439,0.3218098288859439,1
2024-08-26,136.889,135.608,137.013,135.596,7560000.0,0.94,0.009446345348357088,0.9446345348357088,0
2024-08-27,136.776,136.888,137.213,136.664,6750000.0,-0.08,-0.000825486342949433,-0.0825486342949433,1
2024-08-28,137.344,136.776,137.469,135.746,7460000.0,0.42,0.004152775340702908,0.4152775340702908,0
2024-08-29,136.041,137.349,137.37,135.858,8390000.0,-0.95,-0.009487127213420266,-0.9487127213420266,0
2024-08-30,136.004,136.041,136.139,134.91,18400000.0,-0.03,-0.0002719768305143866,-0.02719768305143866,0
2024-09-02,134.906,136.004,136.004,134.497,5530000.0,-0.81,-0.008073291962001017,-0.8073291962001017,0
2024-09-03,134.353,134.907,135.011,134.171,8800000.0,-0.41,-0.004099150519621064,-0.4099150519621064,1
2024-09-04,136.111,134.359,136.838,134.359,9420000.0,1.31,0.013084932975073071,1.3084932975073071,1
2024-09-05,136.502,136.112,136.656,135.959,7530000.0,0.29,0.0028726554062494802,0.287265540624948,0
2024-09-06,134.572,136.508,136.653,134.476,7560000.0,-1.41,-0.01413898697454985,-1.413898697454985,1
2024-09-09,134.737,134.574,135.25,134.399,6590000.0,0.12,0.00122610944327195,0.12261094432719499,0
2024-09-10,134.32,134.738,134.738,133.754,8250000.0,-0.31,-0.003094918248142675,-0.3094918248142675,1
2024-09-11,134.677,134.319,135.087,133.757,7950000.0,0.27,0.002657832042882724,0.2657832042882724,0
2024-09-12,134.029,134.677,134.777,133.591,7000000.0,-0.48,-0.004811511987941497,-0.4811511987941497,1
2024-09-13,134.882,134.031,135.879,134.031,8870000.0,0.64,0.006364294294518347,0.6364294294518347,1
2024-09-16,135.118,134.885,135.715,134.87,6710000.0,0.18,0.0017496774958851713,0.17496774958851713,0
2024-09-17,134.96,135.118,135.118,134.18,7310000.0,-0.12,-0.001169348273361015,-0.1169348273361015,0
2024-09-18,133.748,134.96,135.203,133.748,9790000.0,-0.9,-0.00898043864848852,-0.898043864848852,0
2024-09-19,133.123,133.748,134.759,133.123,9250000.0,-0.47,-0.004672967072404832,-0.4672967072404832,0
2024-09-20,131.065,133.121,133.128,130.907,13610000.0,-1.55,-0.015459387183281548,-1.5459387183281548,0
2024-09-23,130.568,131.065,131.065,130.1,9140000.0,-0.38,-0.0037920115972989166,-0.37920115972989166,1
2024-09-24,132.156,130.57,133.073,130.57,9370000.0,1.22,0.01216224496048035,1.216224496048035,0
2024-09-25,131.586,132.156,132.982,131.489,10530000.0,-0.43,-0.004313084536456846,-0.4313084536456846,1
2024-09-26,133.01,131.595,133.313,131.594,11620000.0,1.08,0.010821819950450395,1.0821819950450395,0
2024-09-27,132.73,133.01,133.923,132.628,9340000.0,-0.21,-0.0021051048793323535,-0.21051048793323535,0
2024-09-30,131.816,132.761,133.12,131.816,9130000.0,-0.69,-0.006886159873427111,-0.6886159873427111,1
2024-10-01,132.495,131.817,133.405,131.817,9840000.0,0.51,0.005151119742671684,0.5151119742671684,1
2024-10-02,133.515,132.495,134.922,132.495,9400000.0,0.77,0.0076984037133476235,0.7698403713347624,0
2024-10-03,131.672,133.514,133.514,131.176,9820000.0,-1.38,-0.01380369246901092,-1.380369246901092,1
2024-10-04,131.792,131.672,131.936,131.156,7050000.0,0.09,0.0009113554893980247,0.09113554893980247,1
2024-10-07,132.018,131.792,132.943,131.676,7700000.0,0.17,0.0017148233580186467,0.17148233580186467,0
2024-10-08,131.512,132.016,132.016,130.371,9090000.0,-0.38,-0.003832810677331877,-0.3832810677331877,0
2024-10-09,129.962,131.51,131.52,129.719,9220000.0,-1.18,-0.0117859967151287,-1.17859967151287,1
2024-10-10,130.353,129.963,130.418,129.835,7620000.0,0.3,0.0030085717363539377,0.30085717363539377,0
2024-10-11,129.992,130.354,130.354,129.338,7970000.0,-0.28,-0.0027694030823994797,-0.276940308239948,1
2024-10-14,131.005,129.992,131.22,129.729,8500000.0,0.78,0.007792787248446009,0.7792787248446009,1
2024-10-15,131.043,131.005,131.457,130.2,7980000.0,0.03,0.0002900652646846691,0.02900652646846691,1
2024-10-16,131.75,131.045,132.233,130.78,10280000.0,0.54,0.005395175629373528,0.5395175629373528,0
2024-10-17,130.793,131.716,131.716,129.902,7090000.0,-0.73,-0.007263757115749447,-0.7263757115749447,0
2024-10-18,130.499,130.793,131.725,130.121,8680000.0,-0.22,-0.00224782671855539,-0.22478267185553902,0
2024-10-21,130.362,130.499,131.124,130.157,7770000.0,-0.11,-0.0010498164736894022,-0.10498164736894022,0
2024-10-22,129.951,130.346,130.346,129.094,8220000.000000001,-0.31,-0.0031527592396557447,-0.31527592396557447,0
2024-10-23,129.233,129.949,129.949,128.589,7960000.0,-0.55,-0.005525159483189768,-0.5525159483189768,1
2024-10-24,130.067,129.233,130.13,128.798,8310000.000000001,0.65,0.006453460029558933,0.6453460029558933,0
2024-10-25,129.893,130.067,130.529,129.806,8510000.0,-0.13,-0.0013377720713171337,-0.13377720713171337,1
2024-10-28,131.213,129.894,131.421,129.894,7140000.0,1.02,0.010162210434742303,1.0162210434742303,0
2024-10-29,130.73,131.214,131.765,130.693,7640000.0,-0.37,-0.0036810377020569662,-0.3681037702056966,0
2024-10-30,130.639,130.73,131.027,130.473,7330000.0,-0.07,-0.000696091180295122,-0.0696091180295122,0
2024-10-31,129.713,130.639,130.798,129.642,9070000.0,-0.71,-0.007088235519255526,-0.7088235519255526,0
2024-11-01,128.121,129.718,129.902,128.07,9900000.0,-1.23,-0.01227324940445429,-1.227324940445429,1
2024-11-04,130.515,128.13,130.609,128.128,9010000.0,1.87,0.018685461399770453,1.8685461399770453,1
2024-11-05,130.661,130.515,130.769,129.692,8560000.0,0.11,0.0011186453664331353,0.11186453664331353,0
2024-11-06,130.341,130.613,130.67,128.822,10540000.0,-0.24,-0.002449085802190387,-0.24490858021903872,0
2024-11-07,129.682,130.341,131.319,129.406,10520000.0,-0.51,-0.005055968574738778,-0.5055968574738778,0
2024-11-08,127.83,129.647,129.647,126.973,13180000.0,-1.43,-0.01428108758347335,-1.428108758347335,1
2024-11-11,127.874,127.829,128.095,127.306,8400000.0,0.03,0.00034420715012117853,0.03442071501211785,0
2024-11-12,127.698,127.873,128.21,127.411,9520000.0,-0.14,-0.0013763548493047617,-0.13763548493047617,1
2024-11-13,127.734,127.698,128.1,126.869,12690000.0,0.03,0.000281915143541811,0.028191514354181102,1
2024-11-14,127.792,127.734,128.423,127.389,13140000.0,0.05,0.0004540686113330139,0.04540686113330139,0
2024-11-18,127.768,127.791,128.277,127.226,10740000.0,-0.02,-0.00018780518342309538,-0.018780518342309538,1
2024-11-19,128.197,127.768,128.579,127.235,9100000.0,0.34,0.003357648237430455,0.3357648237430455,0
2024-11-21,126.922,128.197,128.197,126.594,10270000.0,-0.99,-0.009945630552977147,-0.9945630552977147,1
2024-11-22,129.126,126.944,129.126,126.944,9190000.0,1.74,0.01736499582420703,1.736499582420703,0
2024-11-25,129.036,129.125,129.495,128.932,14410000.0,-0.07,-0.0006969936341247873,-0.06969936341247873,1
2024-11-26,129.922,129.043,130.361,129.042,9750000.0,0.69,0.006866300877274467,0.6866300877274467,0
2024-11-27,127.669,129.923,130.283,127.669,12320000.0,-1.73,-0.01734117393513035,-1.734117393513035,0
2024-11-28,124.61,127.667,127.668,124.39,12830000.0,-2.4,-0.0239603975906445,-2.39603975906445,1
2024-11-29,125.668,124.611,126.056,123.946,16399999.999999998,0.85,0.00849049032982907,0.849049032982907,0
2024-12-02,125.236,125.668,125.901,124.734,11520000.0,-0.34,-0.003437629308972845,-0.3437629308972845,1
2024-12-03,126.139,125.235,126.417,125.233,9990000.0,0.72,0.007210386789740841,0.7210386789740841,0
2024-12-04,126.087,126.139,126.72,125.828,9390000.0,-0.04,-0.000412243635988796,-0.0412243635988796,1
2024-12-05,127.858,126.088,127.989,126.087,9530000.0,1.4,0.014045857225566394,1.4045857225566394,0
2024-12-06,125.946,127.856,127.872,125.833,11220000.0,-1.5,-0.014954089693253514,-1.4954089693253514,1
2024-12-09,127.21,125.946,127.542,125.946,9370000.0,1.0,0.010036047194829534,1.0036047194829534,1
2024-12-10,128.228,127.213,128.511,127.213,9140000.0,0.8,0.008002515525509013,0.8002515525509013,1
2024-12-11,129.593,128.228,130.899,127.362,13170000.0,1.06,0.01064510091399673,1.064510091399673,0
2024-12-12,126.042,129.587,129.587,125.829,13450000.0,-2.74,-0.027401171359564103,-2.7401171359564103,0
2024-12-13,124.612,126.102,126.29,124.578,11760000.0,-1.13,-0.01134542454102605,-1.134542454102605,0
2024-12-16,123.56,124.61,124.956,123.495,11070000.0,-0.84,-0.008442204603087977,-0.8442204603087977,1
2024-12-17,124.698,123.56,125.301,123.56,17560000.0,0.92,0.009210100356102258,0.9210100356102258,0
2024-12-18,120.772,124.699,124.699,120.457,19740000.0,-3.15,-0.031484065502253356,-3.1484065502253356,1
2024-12-19,121.188,120.768,121.77,120.768,13680000.0,0.34,0.003444507004934927,0.3444507004934927,1
2024-12-20,122.102,121.183,122.209,120.7,18130000.0,0.75,0.007542000858170805,0.7542000858170805,0
2024-12-23,120.767,122.105,122.105,120.617,9950000.0,-1.09,-0.01093348184304932,-1.093348184304932,1
2024-12-26,121.078,120.767,121.612,120.428,8340000.0,0.26,0.0025752068031830166,0.25752068031830166,0
2024-12-27,120.269,121.078,121.609,120.252,8940000.0,-0.67,-0.006681643238243051,-0.6681643238243051,1
2024-12-30,120.283,120.267,121.05,120.158,8900000.0,0.01,0.00011640572383564418,0.011640572383564418,0
2025-01-02,120.125,120.283,120.782,119.12,9370000.0,-0.13,-0.0013135688335009776,-0.13135688335009776,0
2025-01-03,118.533,120.125,120.356,118.404,9800000.0,-1.33,-0.01325286160249739,-1.325286160249739,1
2025-01-06,120.022,118.534,120.322,118.534,9690000.0,1.26,0.012561902592526986,1.2561902592526986,1
2025-01-07,121.163,120.022,121.713,120.022,11120000000.0,0.95,0.009506590458415953,0.9506590458415953,0
2025-01-08,119.625,121.16,121.16,119.351,10230000000.0,-1.27,-0.012693644099271206,-1.2693644099271206,1
2025-01-09,119.781,119.625,120.145,119.502,6610000000.0,0.13,0.0013040752351096696,0.13040752351096696,0
2025-01-10,118.856,119.781,120.052,118.732,9260000000.0,-0.77,-0.007722426762174384,-0.7722426762174384,1
2025-01-13,119.007,118.856,119.729,118.743,8160000000.0,0.13,0.0012704449081242242,0.12704449081242242,1
2025-01-14,119.299,119.007,119.451,118.223,9350000000.0,0.25,0.0024536371810062185,0.24536371810062185,1
2025-01-15,122.65,119.309,122.988,119.303,11930000000.0,2.81,0.02808908708371405,2.808908708371405,0
2025-01-16,121.234,122.649,122.66,120.796,11310000000.0,-1.15,-0.011545046881369814,-1.1545046881369814,1
2025-01-17,122.35,121.258,122.674,121.074,10240000000.0,0.92,0.009205338436412136,0.9205338436412136,1
2025-01-20,122.855,122.349,123.172,121.511,6050000000.0,0.41,0.004127503064977667,0.4127503064977667,1
2025-01-21,123.338,122.85,123.462,122.29,7820000000.0,0.39,0.003931463920882283,0.3931463920882283,0
2025-01-22,122.972,123.345,123.865,122.926,9980000000.0,-0.3,-0.0029674552854757064,-0.29674552854757064,0
2025-01-23,122.483,122.965,123.958,122.159,9490000000.0,-0.4,-0.003976514979019519,-0.39765149790195187,0
2025-01-24,122.447,122.483,122.908,122.196,7780000000.0,-0.03,-0.00029391833968794856,-0.029391833968794856,1
2025-01-27,124.862,122.443,124.862,122.207,11020000000.0,1.97,0.019722818852238033,1.9722818852238033,0
2025-01-28,124.056,124.861,124.881,123.973,8310000000.000001,-0.65,-0.006455126459611438,-0.6455126459611438,0
2025-01-29,123.432,124.056,124.767,123.278,7350000000.0,-0.5,-0.005029986457728675,-0.5029986457728675,1
2025-01-30,126.913,123.433,127.169,123.432,11690000000.0,2.82,0.02820176291399301,2.820176291399301,0
2025-01-31,126.135,126.914,127.532,126.057,10240000000.0,-0.61,-0.0061301836691276534,-0.6130183669127653,0
2025-02-03,125.97,126.135,126.473,125.566,9550000000.0,-0.13,-0.0013081222499703449,-0.1308122249970345,0
2025-02-04,125.147,125.964,125.964,124.694,9780000000.0,-0.65,-0.006533301579741191,-0.6533301579741191,1
2025-02-05,125.534,125.146,125.846,124.637,9960000000.0,0.31,0.0030923633806643203,0.309236338066432,1
2025-02-06,126.225,125.531,126.399,125.249,10030000000.0,0.55,0.00550448484076016,0.550448484076016,0
2025-02-07,124.619,126.219,126.524,124.32,10950000000.0,-1.27,-0.01272331154684092,-1.272331154684092,1
2025-02-10,125.572,124.619,126.386,124.619,8910000000.0,0.76,0.007647308997825286,0.7647308997825286,1
2025-02-11,126.522,125.571,126.886,125.57,11240000000.0,0.76,0.007565380817379674,0.7565380817379674,0
2025-02-12,124.38,126.513,126.513,124.116,14630000000.0,-1.69,-0.016929862000284568,-1.6929862000284568,1
2025-02-13,124.85,124.372,124.853,123.778,9050000000.0,0.38,0.003778742563113058,0.3778742563113058,1
2025-02-14,128.219,124.849,128.482,124.849,12560000000.0,2.7,0.026984381257509016,2.6984381257509016,1
2025-02-17,128.552,128.229,129.534,128.229,9970000000.0,0.26,0.0025971189917251003,0.25971189917251003,0
2025-02-18,128.532,128.553,129.294,128.012,10990000000.0,-0.02,-0.00015557906528085308,-0.015557906528085308,0
2025-02-19,127.309,128.528,128.528,127.028,9300000000.0,-0.95,-0.009515140198549932,-0.9515140198549932,1
2025-02-20,127.601,127.309,127.871,127.063,10640000000.0,0.23,0.002293632029157333,0.2293632029157333,0
2025-02-21,127.128,127.601,127.654,126.483,11090000000.0,-0.37,-0.0037068675010384355,-0.37068675010384355,0
2025-02-24,125.401,127.129,127.275,125.162,10150000000.0,-1.36,-0.013584733496947998,-1.3584733496947998,1
2025-02-25,125.98,125.401,126.718,125.382,11080000000.0,0.46,0.004617188060701327,0.4617188060701327,0
2025-02-26,124.769,125.98,126.563,124.732,11360000000.0,-0.96,-0.009612636926496276,-0.9612636926496276,1
2025-02-27,124.799,124.768,125.497,124.352,12550000000.0,0.02,0.00024044434114234292,0.024044434114234292,0
2025-02-28,122.799,124.798,124.916,122.659,24870000000.0,-1.6,-0.01602576943725509,-1.6025769437255089,1
2025-03-05,123.047,122.799,123.364,122.747,9600000000.0,0.2,0.0020195604198729455,0.20195604198729455,1
2025-03-06,123.358,123.048,124.112,122.681,10060000000.0,0.25,0.0025274894958837724,0.25274894958837724,1
2025-03-07,125.035,123.357,125.822,122.53,9980000000.0,1.36,0.013594578381620925,1.3594578381620925,0
2025-03-10,124.519,125.031,125.031,123.471,9370000000.0,-0.41,-0.004126844483544501,-0.41268444835445006,0
2025-03-11,123.507,124.519,124.625,122.636,8810000000.0,-0.81,-0.008127273749387598,-0.8127273749387598,1
2025-03-12,123.864,123.507,124.048,122.969,8250000000.0,0.29,0.002890524423716956,0.2890524423716956,1
2025-03-13,125.637,123.863,125.774,123.59,11260000000.0,1.43,0.014314086417360983,1.4314086417360983,1
2025-03-14,128.957,125.647,129.194,125.647,14570000000.0,2.64,0.0264253364852709,2.64253364852709,1
2025-03-17,130.834,128.959,131.313,128.957,11060000000.0,1.46,0.014555239343347015,1.4555239343347015,1
2025-03-18,131.475,130.832,131.834,130.722,10990000000.0,0.49,0.004899338092544614,0.4899338092544614,1
2025-03-19,132.508,131.476,132.984,131.451,12200000000.0,0.79,0.007857007035558139,0.7857007035558139,0
2025-03-20,131.955,132.505,132.713,131.813,14190000000.0,-0.42,-0.004173332930841878,-0.41733329308418776,1
2025-03-21,132.345,132.005,132.588,131.776,14190000000.0,0.3,0.0029555530294418375,0.29555530294418375,0
2025-03-24,131.321,132.344,132.424,130.992,8300000000.000001,-0.77,-0.0077373531300767295,-0.773735313007673,1
2025-03-25,132.068,131.327,133.471,131.325,9240000000.0,0.57,0.005688351444171236,0.5688351444171236,1
2025-03-26,132.52,132.069,132.984,132.068,9400000000.0,0.34,0.003422479328830663,0.3422479328830663,1
2025-03-27,133.149,132.522,133.904,132.479,10020000000.0,0.47,0.004746453365529701,0.47464533655297014,0
2025-03-28,131.902,133.143,133.143,131.315,8910000000.0,-0.94,-0.00936544773148884,-0.9365447731488841,0
2025-03-31,130.26,131.9,131.901,130.115,9990000000.0,-1.25,-0.012448636108626121,-1.244863610862612,1
2025-04-01,131.147,130.267,131.982,130.081,8970000000.0,0.68,0.006809458007062785,0.6809458007062785,1
2025-04-02,131.19,131.151,131.424,130.393,8820000000.0,0.03,0.0003278763524900974,0.03278763524900974,0
2025-04-03,131.141,131.185,132.552,130.182,12330000000.0,-0.04,-0.00037350407805480934,-0.037350407805480934,0
2025-04-04,127.256,131.139,131.139,126.466,13180000000.0,-2.96,-0.029624602527051014,-2.9624602527051014,0
2025-04-07,125.588,127.229,128.411,123.876,14050000000.0,-1.31,-0.01310743697743133,-1.310743697743133,0
2025-04-08,123.932,125.588,127.652,123.454,12810000000.0,-1.32,-0.01318597318215109,-1.318597318215109,1
2025-04-09,127.796,123.928,128.649,122.887,16920000000.000002,3.12,0.031178388148339398,3.1178388148339398,0
2025-04-10,126.355,127.796,127.797,124.895,11460000000.0,-1.13,-0.011275783279601881,-1.127578327960188,1
2025-04-11,127.682,126.355,128.386,126.078,10080000000.0,1.05,0.010502156622215209,1.0502156622215209,1
2025-04-14,129.454,127.683,129.955,127.683,10610000000.0,1.39,0.013878228724487407,1.3878228724487407,0
2025-04-15,129.245,129.452,129.927,128.951,8840000000.0,-0.16,-0.0016144730946899832,-0.16144730946899832,0
2025-04-16,128.317,129.245,129.605,128.149,11540000000.0,-0.72,-0.007180161708383315,-0.7180161708383315,1
2025-04-17,129.65,128.316,130.091,127.973,9980000000.0,1.04,0.01038833513875792,1.038833513875792,1
2025-04-22,130.464,129.65,130.877,128.726,8610000000.0,0.63,0.00627844195912064,0.627844195912064,1
2025-04-23,132.216,130.468,133.318,130.468,11340000000.0,1.34,0.013428991905813259,1.342899190581326,1
2025-04-24,134.58,132.245,134.938,132.223,14110000000.0,1.79,0.01787983300054452,1.787983300054452,1
2025-04-25,134.739,134.579,134.992,134.186,13050000000.0,0.12,0.001181453410610711,0.11814534106107111,1
2025-04-28,135.016,134.741,135.709,134.711,11450000000.0,0.21,0.0020558264496544076,0.20558264496544076,1
2025-04-29,135.093,135.017,136.15,134.899,12760000000.0,0.06,0.0005703027789298876,0.05703027789298876,0
2025-04-30,135.067,135.094,135.171,133.955,15450000000.0,-0.02,-0.00019246000903072602,-0.019246000903072602,1
2025-05-02,135.134,135.067,135.275,134.355,12740000000.0,0.05,0.0004960501084645408,0.04960501084645408,0
2025-05-05,133.491,135.131,135.198,133.39,10800000000.0,-1.22,-0.012158302129737675,-1.2158302129737675,1
2025-05-06,133.516,133.499,134.135,133.26,11140000000.0,0.02,0.00018727854312250436,0.018727854312250436,0
2025-05-07,133.398,133.517,134.11,132.872,9940000000.0,-0.09,-0.0008837892087839583,-0.08837892087839583,1
2025-05-08,136.232,133.458,137.635,133.458,17200000000.0,2.12,0.02124469632228365,2.124469632228365,1
2025-05-09,136.512,136.232,137.286,136.105,13880000000.0,0.21,0.0020553173997299723,0.20553173997299723,1
2025-05-12,136.563,136.516,137.519,136.356,10920000000.0,0.04,0.00037359353023891373,0.03735935302389137,1
2025-05-13,138.963,136.565,139.419,136.55,13070000000.0,1.76,0.017574306364095627,1.7574306364095627,0
2025-05-14,138.423,138.965,139.362,138.228,11160000000.0,-0.39,-0.003885926469635703,-0.3885926469635703,1
2025-05-15,139.334,138.425,139.408,138.321,11500000000.0,0.66,0.006581276232995981,0.6581276232995981,0
2025-05-16,139.187,139.335,139.335,137.713,12110000000.0,-0.11,-0.0010550188755077405,-0.10550188755077405,1
2025-05-19,139.636,139.186,140.203,138.587,9590000000.0,0.32,0.003225875979796955,0.3225875979796955,1
2025-05-20,140.11,139.636,140.244,138.966,9650000000.0,0.34,0.003394540089948217,0.3394540089948217,0
2025-05-21,137.881,140.109,140.109,137.538,10150000000.0,-1.59,-0.0159089286988795,-1.5908928698879499,0
2025-05-22,137.273,137.881,138.837,137.088,13220000000.0,-0.44,-0.0044095995822485134,-0.44095995822485134,1
2025-05-23,137.824,137.273,137.824,134.997,10680000000.0,0.4,0.0040138993101339615,0.40138993101339615,1
2025-05-26,138.136,137.824,138.8,137.795,5550000000.0,0.23,0.002263756675179751,0.2263756675179751,1
2025-05-27,139.541,138.136,140.382,138.136,11190000000.0,1.02,0.010171135692361055,1.0171135692361055,0
2025-05-28,138.888,139.541,139.547,138.58,9730000000.0,-0.47,-0.004679628209630082,-0.46796282096300823,0
2025-05-29,138.534,138.869,139.108,137.993,8830000000.0,-0.25,-0.00254881631242454,-0.254881631242454,0
2025-05-30,137.027,138.546,138.637,136.726,15140000000.0,-1.09,-0.010878195966333215,-1.0878195966333215,0
2025-06-02,136.787,137.026,138.471,136.483,9100000000.0,-0.18,-0.0017514796354002327,-0.17514796354002327,1
2025-06-03,137.546,136.787,137.672,136.175,9700000000.0,0.56,0.005548772909706123,0.5548772909706123,0
2025-06-04,137.002,137.547,138.797,136.695,10200000000.0,-0.4,-0.003955040495543183,-0.3955040495543183,0
2025-06-05,136.236,137.003,137.451,136.031,9480000000.0,-0.56,-0.00559115925314968,-0.559115925314968,0
2025-06-06,136.102,136.236,136.89,135.601,9120000000.0,-0.1,-0.0009835873043834154,-0.09835873043834154,0
2025-06-09,135.699,136.102,136.106,134.119,7760000000.0,-0.3,-0.0029610145332176208,-0.2961014533217621,1
2025-06-10,136.436,135.716,137.369,135.716,8189999999.999999,0.54,0.005431138033441529,0.5431138033441529,1
2025-06-11,137.128,136.443,137.531,135.628,8770000000.0,0.51,0.005071975138526419,0.5071975138526419,1
2025-06-12,137.8,137.127,137.931,136.175,7120000000.0,0.49,0.004900530890846744,0.4900530890846744,0
2025-06-13,137.213,137.8,137.8,136.586,8630000000.0,-0.43,-0.0042597968069667536,-0.42597968069667536,1
2025-06-16,139.256,137.212,139.988,137.212,7620000000.0,1.49,0.014889259764016671,1.4889259764016671,0
2025-06-17,138.84,139.256,139.497,138.293,8380000000.000001,-0.3,-0.0029873039581777006,-0.29873039581777006,0
2025-06-18,138.717,138.844,139.161,138.443,8320000000.0,-0.09,-0.0008859118409679789,-0.08859118409679789,0
2025-06-20,137.116,138.715,138.719,136.815,11290000000.0,-1.15,-0.01154148374027697,-1.154148374027697,0
2025-06-23,136.551,137.116,137.13,135.835,7730000000.0,-0.41,-0.004120598617229354,-0.4120598617229354,1
2025-06-24,137.165,136.552,138.156,136.254,8080000000.0,0.45,0.004496488491479322,0.44964884914793224,0
2025-06-25,135.767,137.163,137.163,135.565,7710000000.0,-1.02,-0.010192104399810442,-1.0192104399810442,1
2025-06-26,137.114,135.767,137.353,135.756,8020000000.0,0.99,0.009921409473583553,0.9921409473583553,0
2025-06-27,136.866,137.113,137.209,136.469,6240000000.0,-0.18,-0.0018087139168866395,-0.18087139168866395,1
2025-06-30,138.855,136.865,139.103,136.43,7680000000.0,1.45,0.014532462408487046,1.4532462408487046,1
2025-07-01,139.549,138.855,139.695,138.855,6350000000.0,0.5,0.004998019516762264,0.49980195167622643,0
2025-07-02,139.051,139.586,140.049,138.384,8810000000.0,-0.36,-0.003568638972690774,-0.3568638972690774,1
2025-07-03,140.928,139.051,141.304,139.051,6080000000.0,1.35,0.013498644382277103,1.3498644382277103,1
2025-07-04,141.264,140.928,141.564,140.597,3310000000.0,0.24,0.0023841961852861804,0.23841961852861804,0
2025-07-07,139.49,141.265,141.342,139.295,6120000000.0,-1.26,-0.012558047343980028,-1.2558047343980028,0
2025-07-08,139.303,139.491,139.591,138.77,6750000000.0,-0.13,-0.001340597892322104,-0.1340597892322104,0
2025-07-09,137.481,139.303,139.331,137.299,7580000000.0,-1.31,-0.013079402453644251,-1.307940245364425,0
2025-07-10,136.743,137.472,137.472,136.014,9570000000.0,-0.54,-0.00536801448927493,-0.536801448927493,0
2025-07-11,136.187,136.742,136.742,135.528,7400000000.0,-0.41,-0.004066021661072061,-0.4066021661072061,0
2025-07-14,135.299,136.187,136.187,134.84,7330000000.0,-0.65,-0.006520446151247916,-0.6520446151247916,0
2025-07-15,135.25,135.298,136.022,134.38,6900000000.0,-0.04,-0.00036216084376095026,-0.036216084376095026,1
2025-07-16,135.511,135.25,135.641,134.265,7830000000.0,0.19,0.0019297597042513548,0.19297597042513548,1
2025-07-17,135.565,135.515,135.792,135.016,6800000000.0,0.04,0.00039849163536542775,0.039849163536542775,0
2025-07-18,133.382,135.562,135.562,133.296,10070000000.0,-1.61,-0.016102976431969895,-1.6102976431969895,1
2025-07-21,134.167,133.382,134.865,133.367,6730000000.0,0.59,0.005885351846576015,0.5885351846576015,0
2025-07-22,134.036,134.18,135.3,133.986,7050000000.0,-0.1,-0.0009763950897015983,-0.09763950897015983,1
2025-07-23,135.368,134.036,135.782,133.676,6530000000.0,0.99,0.009937628696768064,0.9937628696768064,0
2025-07-24,133.808,135.357,135.363,133.648,5980000000.0,-1.15,-0.011524141599196236,-1.1524141599196236,0
2025-07-25,133.524,133.82,134.204,133.285,5560000000.0,-0.21,-0.0021224440990075255,-0.21224440990075255,0
2025-07-28,132.129,133.538,133.902,131.55,6630000000.0,-1.04,-0.010447559989215538,-1.0447559989215538,1
2025-07-29,132.726,132.13,133.346,132.13,6320000000.0,0.45,0.0045183116499785125,0.45183116499785125,1
2025-07-30,133.99,132.702,134.368,131.883,8660000000.0,0.95,0.009523378991305398,0.9523378991305398,0
2025-07-31,133.071,133.987,133.987,132.096,9200000000.0,-0.69,-0.006858720800059781,-0.6858720800059781,0
2025-08-01,132.437,132.92,133.237,132.14,8500000000.0,-0.48,-0.004764373905659314,-0.4764373905659314,1
2025-08-04,132.971,132.44,133.929,132.44,6140000000.0,0.4,0.00403210583145186,0.403210583145186,1
2025-08-05,133.151,132.971,134.233,132.682,6610000000.0,0.14,0.001353678621654364,0.1353678621654364,1
2025-08-06,134.538,133.169,135.241,133.169,8680000000.0,1.04,0.010416744898648966,1.0416744898648966,1
2025-08-07,136.528,134.538,137.007,134.533,9500000000.0,1.48,0.01479136006184123,1.479136006184123,0
2025-08-08,135.913,136.526,136.761,135.659,9890000000.0,-0.45,-0.004504570491034698,-0.45045704910346984,0
2025-08-11,135.623,135.913,136.307,135.496,6950000000.0,-0.21,-0.0021337178930640466,-0.21337178930640466,1
2025-08-12,137.914,135.629,138.414,135.629,8340000000.0,1.69,0.01689241500335492,1.6892415003354921,0
2025-08-13,136.687,137.911,137.913,136.535,9400000000.0,-0.89,-0.008896848760821752,-0.8896848760821752,0
2025-08-14,136.356,136.681,137.437,135.588,9670000000.0,-0.24,-0.0024215909340319364,-0.24215909340319364,0
2025-08-15,136.341,136.354,136.431,135.583,9290000000.0,-0.01,-0.00011000616034484434,-0.011000616034484434,1
2025-08-18,137.322,136.341,137.902,136.341,8090000000.0,0.72,0.007195194402270788,0.7195194402270788,0
2025-08-19,134.432,137.321,137.321,133.997,8680000000.0,-2.1,-0.021045426078851293,-2.1045426078851293,1
2025-08-20,134.666,134.43,134.964,134.122,6850000000.0,0.17,0.0017406569864317767,0.17406569864317767,0
2025-08-21,134.511,134.664,134.837,133.874,6520000000.0,-0.12,-0.0011509957970089468,-0.11509957970089468,1
2025-08-22,137.968,134.511,138.072,134.511,9320000000.0,2.57,0.025700500330827936,2.5700500330827936,1
2025-08-25,138.025,137.971,138.89,137.971,5990000000.0,0.04,0.00041313927867348,0.041313927867348,0
2025-08-26,137.771,138.026,138.037,137.058,8449999999.999999,-0.18,-0.0018402463321863793,-0.18402463321863793,1
2025-08-27,139.206,137.773,139.281,137.456,6610000000.0,1.04,0.01041583497252696,1.041583497252696,1
2025-08-28,141.049,139.206,142.138,139.206,9290000000.0,1.32,0.013239371866155425,1.3239371866155425,1
2025-08-29,141.422,141.049,142.379,141.0,9330000000.0,0.26,0.002644471070337273,0.2644471070337273,0
2025-09-01,141.283,141.423,141.95,140.878,4950000000.0,-0.1,-0.0009828739517190321,-0.09828739517190321,0
2025-09-02,140.335,141.279,141.279,139.625,8790000000.0,-0.67,-0.0067099367935277154,-0.6709936793527715,0
2025-09-03,139.864,140.332,140.496,139.582,7580000000.0,-0.34,-0.0033562546763102885,-0.33562546763102885,1
2025-09-04,140.993,139.832,141.482,139.832,8029999999.999999,0.81,0.00807212720928896,0.807212720928896,1
2025-09-05,142.64,141.003,143.409,141.003,8380000000.000001,1.17,0.011681430993027986,1.1681430993027986,0
2025-09-08,141.792,142.64,143.089,141.329,7440000000.0,-0.59,-0.0059450364554121116,-0.5945036455412112,0
2025-09-09,141.618,141.794,142.286,141.605,7480000000.0,-0.12,-0.0012271496276236027,-0.12271496276236027,1
2025-09-10,142.349,141.612,143.182,141.612,7140000000.0,0.52,0.005161773220918153,0.5161773220918153,1
2025-09-11,143.151,142.349,144.013,142.349,7570000000.0,0.56,0.005634040281280672,0.5634040281280672,0
2025-09-12,142.272,143.151,143.202,142.241,6390000000.0,-0.61,-0.0061403692604313775,-0.6140369260431378,1
2025-09-15,143.547,142.292,144.194,142.292,6610000000.0,0.9,0.008961707152496556,0.8961707152496556,1
2025-09-16,144.062,143.547,144.584,143.547,8480000000.0,0.36,0.0035876751168608667,0.35876751168608667,1
2025-09-17,145.594,144.059,146.331,143.91,9600000000.0,1.06,0.0106343102275408,1.06343102275408,0
2025-09-18,145.499,145.594,145.726,144.993,8369999999.999999,-0.06,-0.0006524994161847264,-0.06524994161847264,1
2025-09-19,145.865,145.499,146.399,145.496,10280000000.0,0.25,0.0025154812060566023,0.25154812060566023,0
2025-09-22,145.109,145.864,145.864,144.117,9430000000.0,-0.52,-0.005182874575806351,-0.5182874575806351,1
2025-09-23,146.425,145.112,147.178,145.107,8140000000.000001,0.91,0.00906904464919478,0.906904464919478,1
2025-09-24,146.492,146.426,146.585,146.067,7290000000.0,0.05,0.0004575721359056928,0.04575721359056928,0
2025-09-25,145.306,146.492,146.519,145.187,8289999999.999999,-0.81,-0.008096005242607007,-0.8096005242607007,1
2025-09-26,145.447,145.326,146.235,145.146,6340000000.0,0.1,0.0009703659862634328,0.09703659862634328,1
2025-09-29,146.337,145.447,147.558,145.447,7070000000.0,0.61,0.006119067426622715,0.6119067426622715,0
2025-09-30,146.237,146.337,147.578,145.774,9480000000.0,-0.07,-0.0006833541756356976,-0.06833541756356976,0
2025-10-01,145.517,146.237,146.879,145.193,8340000000.0,-0.49,-0.004923514568816345,-0.4923514568816345,0
2025-10-02,143.95,145.517,145.621,143.635,7250000000.0,-1.08,-0.010768501274765252,-1.0768501274765252,1
2025-10-03,144.201,143.95,144.518,143.676,6180000000.0,0.17,0.0017436609934005087,0.17436609934005087,0
2025-10-06,143.608,144.202,144.532,143.376,5980000000.0,-0.41,-0.0041123154485751545,-0.41123154485751545,0
2025-10-07,141.356,143.606,143.606,141.035,9270000000.0,-1.57,-0.015681577627987386,-1.5681577627987386,1
2025-10-08,142.145,141.356,142.385,141.356,7530000000.0,0.56,0.005581651999207793,0.5581651999207793,0
2025-10-09,141.708,142.148,143.212,141.603,6820000000.0,-0.31,-0.003074325512680831,-0.3074325512680831,0
2025-10-10,140.68,141.725,142.274,140.231,8279999999.999999,-0.73,-0.007254354023767173,-0.7254354023767173,1
2025-10-13,141.783,140.682,142.303,140.682,5530000000.0,0.78,0.007840489053170252,0.7840489053170252,0
2025-10-14,141.683,141.788,142.589,141.334,7120000000.0,-0.07,-0.000705303174569516,-0.0705303174569516,1
2025-10-15,142.604,141.683,142.905,141.154,10320000000.0,0.65,0.00650042700959208,0.650042700959208,0
2025-10-16,142.2,142.604,143.191,141.446,7390000000.0,-0.28,-0.002833020111637996,-0.2833020111637996,1
2025-10-17,143.399,142.2,143.424,141.248,8880000000.0,0.84,0.008431786216596349,0.8431786216596349,1
2025-10-20,144.509,143.399,145.216,143.396,6790000000.0,0.77,0.007740639753415213,0.7740639753415213,0
2025-10-21,144.085,144.509,144.795,143.829,6190000000.0,-0.29,-0.0029340733103127015,-0.29340733103127015,1
2025-10-22,144.873,144.094,145.048,144.039,7020000000.0,0.55,0.005468993996599059,0.5468993996599059,1
2025-10-23,145.721,144.881,146.358,144.881,6600000000.0,0.59,0.005853402635411786,0.5853402635411786,1
2025-10-24,146.172,145.721,147.24,145.721,6490000000.0,0.31,0.0030949554285242264,0.30949554285242264,1
2025-10-27,146.969,146.174,147.977,146.174,6450000000.0,0.55,0.0054524806392468594,0.5452480639246859,1
2025-10-28,147.429,146.97,147.811,146.575,7110000000.0,0.31,0.0031299117500969142,0.3129911750096914,1
2025-10-29,148.633,147.43,149.067,147.43,8000000000.0,0.82,0.008166642926425549,0.8166642926425549,1
2025-10-30,148.78,148.632,149.234,147.546,7300000000.0,0.1,0.0009890132070267121,0.09890132070267121,1
2025-10-31,149.54,148.774,149.636,148.774,8910000000.0,0.51,0.0051082134695523695,0.510821346955237,1
2025-11-03,150.454,149.551,150.761,149.551,7670000000.0,0.61,0.006112077036244612,0.6112077036244612,1
2025-11-04,150.704,150.453,150.888,149.979,7540000000.0,0.17,0.001661637444002828,0.1661637444002828,1
2025-11-05,153.294,150.709,153.583,150.296,9800000000.0,1.72,0.017186007007113258,1.7186007007113258,1
2025-11-06,153.339,153.297,154.352,153.235,9390000000.0,0.03,0.00029355356374027863,0.029355356374027863,1
2025-11-07,154.064,153.339,154.066,152.368,9470000000.0,0.47,0.004728086135947107,0.4728086135947107,1
2025-11-10,155.257,154.061,155.601,154.058,7750000000.0,0.77,0.007743535154221659,0.7743535154221659,1
2025-11-11,157.749,155.257,158.467,155.252,12880000000.0,1.6,0.016050806082817504,1.6050806082817504,0
2025-11-12,157.633,157.749,158.134,156.56,11230000000.0,-0.07,-0.0007353453904619389,-0.07353453904619389,0
2025-11-13,157.162,157.633,158.319,156.509,10560000000.0,-0.3,-0.002987953030139656,-0.2987953030139656,1
2025-11-14,157.739,157.162,158.366,156.656,7980000000.0,0.37,0.0036713709420852503,0.367137094208525,0
2025-11-17,156.993,157.742,157.901,156.568,8420000000.0,-0.47,-0.004729331363835243,-0.4729331363835243,0
2025-11-18,156.522,156.99,157.04,155.834,8720000000.0,-0.3,-0.0030001337639258274,-0.30001337639258274,0
2025-11-19,155.381,156.522,156.522,155.212,8820000000.0,-0.73,-0.007289710072705402,-0.7289710072705402,0
2025-11-21,154.77,155.381,155.387,153.571,7850000000.0,-0.39,-0.003932269711225844,-0.3932269711225844,1
2025-11-24,155.278,154.769,155.832,154.529,9280000000.0,0.33,0.003282289849454001,0.3282289849454001,1
2025-11-25,155.91,155.278,156.373,154.821,6930000000.0,0.41,0.004070119398755789,0.40701193987557893,1
2025-11-26,158.555,155.915,158.714,155.914,8600000000.0,1.7,0.016964915656468627,1.6964915656468627,0
2025-11-27,158.36,158.554,158.864,158.167,4470000000.0,-0.12,-0.0012298571473621234,-0.12298571473621234,1
2025-11-28,159.072,158.358,159.689,158.078,8020000000.0,0.45,0.0044960848699164835,0.44960848699164835,0
2025-12-01,158.611,159.073,159.224,158.029,7500000000.0,-0.29,-0.002898058740696152,-0.2898058740696152,1
2025-12-02,161.092,158.612,161.092,158.612,8430000000.0,1.56,0.015642042481290863,1.5642042481290863,1
2025-12-03,161.755,161.094,161.963,161.093,8289999999.999999,0.41,0.004115660616293759,0.4115660616293759,1
2025-12-04,164.456,161.76,164.551,161.759,10590000000.0,1.67,0.016698092794658503,1.6698092794658503,0
2025-12-05,157.369,164.461,165.036,157.007,14530000000.0,-4.31,-0.04309359342316477,-4.309359342316476,1
2025-12-08,158.187,157.369,159.235,157.369,9020000000.0,0.52,0.00519797418805501,0.519797418805501,0
2025-12-09,157.981,158.187,158.851,155.188,8700000000.0,-0.13,-0.0013022561904582064,-0.13022561904582064,1
2025-12-10,159.075,157.984,159.691,157.628,8240000000.0,0.69,0.006924883372050994,0.6924883372050994,1
2025-12-11,159.189,159.072,159.85,158.098,7020000000.0,0.07,0.0007166430928806644,0.07166430928806644,1
2025-12-12,160.766,159.189,161.263,159.189,7670000000.0,0.99,0.00990646338628931,0.990646338628931,1
2025-12-15,162.482,160.766,163.073,160.766,8230000000.0,1.07,0.010673898709926188,1.0673898709926188,0
2025-12-16,158.578,162.482,162.482,158.558,9920000000.0,-2.4,-0.02402727686759143,-2.402727686759143,0
2025-12-17,157.327,158.578,158.611,156.351,11340000000.0,-0.79,-0.007888862263365715,-0.7888862263365715,1
2025-12-18,157.923,157.327,158.495,157.124,7800000000.0,0.38,0.003788288087867908,0.3788288087867908,1
2025-12-19,158.473,157.928,159.552,157.906,9950000000.0,0.35,0.003482709928256167,0.3482709928256167,0
2025-12-22,158.142,158.48,158.634,157.306,8420000000.0,-0.21,-0.002088683876748876,-0.20886838767488758,1
2025-12-23,160.456,158.144,160.456,158.144,6570000000.0,1.46,0.014632418965233818,1.4632418965233818,1
2025-12-26,160.897,160.456,160.913,159.359,4790000000.0,0.27,0.00274841701151729,0.274841701151729,0
2025-12-29,160.49,160.897,161.133,159.702,5610000000.0,-0.25,-0.002529568606002508,-0.2529568606002508,1
2025-12-30,161.125,160.491,162.075,160.491,5870000000.0,0.4,0.003956632812013083,0.39566328120130834,0
2026-01-02,160.539,161.124,161.957,160.059,7460000000.0,-0.36,-0.0036369278510474112,-0.3636927851047411,1
2026-01-05,161.87,160.542,162.166,160.215,7990000000.0,0.83,0.00829082029911743,0.829082029911743,1
2026-01-06,163.664,161.87,164.135,161.87,8410000000.0,1.11,0.011082967813677458,1.1082967813677458,0
2026-01-07,161.975,163.661,163.661,161.746,8850000000.0,-1.03,-0.010319923746211712,-1.0319923746211712,1
2026-01-08,162.936,161.975,162.936,161.748,8610000000.0,0.59,0.005933014354067012,0.5933014354067012,1
2026-01-09,163.37,162.938,164.263,162.638,8300000000.000001,0.27,0.0026636225266361002,0.26636225266361,0
2026-01-12,163.15,163.37,163.493,162.277,6900000000.0,-0.13,-0.0013466364693640598,-0.13466364693640598,0
2026-01-13,161.973,163.146,163.146,161.765,9670000000.0,-0.72,-0.007214220042905284,-0.7214220042905284,1
2026-01-14,165.146,161.974,165.146,161.974,9930000000.0,1.96,0.019589684700536347,1.9589684700536347,1
2026-01-15,165.568,165.18,166.07,164.833,9410000000.0,0.26,0.002555314691243149,0.2555314691243149,0
2026-01-16,164.8,165.557,165.872,164.1,11490000000.0,-0.46,-0.004638577502899088,-0.46385775028990883,1
2026-01-19,164.849,164.8,165.155,164.265,4800000000.0,0.03,0.0002973300970872117,0.02973300970872117,1
2026-01-20,166.277,164.846,166.468,163.575,8369999999.999999,0.87,0.00866247292977218,0.866247292977218,1
2026-01-21,171.817,166.278,171.969,166.278,14070000000.0,3.33,0.033317897243756,3.3317897243756,1
2026-01-22,175.589,171.817,177.742,171.817,14020000000.0,2.2,0.021953590156969183,2.1953590156969183,1
2026-01-23,178.859,175.59,180.532,175.59,11780000000.0,1.86,0.01862303447254665,1.8623034472546651,0
2026-01-26,178.721,178.859,179.543,177.694,9570000000.0,-0.08,-0.000771557483828067,-0.0771557483828067,1
2026-01-27,181.919,178.852,183.36,178.852,11340000000.0,1.79,0.01789381214294905,1.789381214294905,1
2026-01-28,184.691,181.921,185.065,181.921,11860000000.0,1.52,0.015237550778093523,1.5237550778093523,0
2026-01-29,183.134,184.692,186.45,181.567,12950000000.0,-0.84,-0.008430297090816663,-0.8430297090816663,0
2026-01-30,181.364,183.133,183.62,180.089,11110000000.0,-0.97,-0.009665054004171725,-0.9665054004171725,1
2026-02-02,182.793,181.369,182.89,181.348,8740000000.0,0.79,0.007879182197128465,0.7879182197128465,1
2026-02-03,185.674,182.816,187.334,182.816,10760000000.0,1.58,0.01576099741237358,1.5760997412373579,0
2026-02-04,181.708,185.671,185.671,180.269,10730000000.0,-2.14,-0.021360018096233224,-2.1360018096233224,1
2026-02-05,182.127,181.708,184.017,181.569,9830000000.0,0.23,0.0023058973738085964,0.23058973738085964,1
2026-02-06,182.95,182.128,183.262,181.391,9900000000.0,0.45,0.004518824776117647,0.4518824776117647,1
2026-02-09,186.241,182.95,186.46,182.95,8920000000.0,1.8,0.017988521453949247,1.7988521453949247,0
2026-02-10,185.929,186.241,186.959,185.083,10300000000.0,-0.17,-0.0016752487368517643,-0.16752487368517643,1
2026-02-11,189.699,185.936,190.561,185.936,11640000000.0,2.03,0.02027655718042909,2.027655718042909,0
2026-02-12,187.766,189.694,189.99,186.959,12360000000.0,-1.02,-0.010189827041787392,-1.0189827041787392,0
2026-02-13,186.464,187.766,187.766,183.662,11590000000.0,-0.69,-0.006934162734467342,-0.6934162734467342,0
2026-02-18,186.016,186.464,187.657,185.001,7790000000.0,-0.24,-0.002402608546421825,-0.2402608546421825,1
2026-02-19,188.534,186.02,188.687,185.928,9230000000.0,1.35,0.013536469981076937,1.3536469981076937,1
2026-02-20,190.534,188.531,190.727,186.7,9990000000.0,1.06,0.01060816616631488,1.060816616631488,0
2026-02-23,188.853,190.532,191.003,188.526,9900000000.0,-0.88,-0.008822572349291957,-0.8822572349291957,1
2026-02-24,191.49,188.854,191.781,188.854,11040000000.0,1.4,0.013963241251131908,1.3963241251131908,0
2026-02-25,191.247,191.491,192.624,190.419,9130000000.0,-0.13,-0.0012689957700140475,-0.12689957700140475,0
2026-02-26,191.005,191.248,191.978,188.977,8800000000.0,-0.13,-0.0012653793262117352,-0.12653793262117352,0
2026-02-27,188.787,191.005,191.005,188.478,11000000000.0,-1.16,-0.011612261459124085,-1.1612261459124085,1
2026-03-02,189.307,188.786,190.11,186.638,9090000000.0,0.28,0.0027544269467705274,0.27544269467705274,0
2026-03-03,183.105,189.284,189.602,180.518,14370000000.0,-3.28,-0.03276159888435182,-3.2761598884351817,1
2026-03-04,185.77,183.11,186.306,183.11,7380000.0,1.46,0.014554490592829428,1.4554490592829428,0
